INSERT INTO Company VALUES(1, 'Extra')
INSERT INTO Company VALUES(2, 'SHSD')
INSERT INTO Company VALUES(3, 'Client Company')



INSERT INTO Store(id, company_id, domain, name, templatePath,  gaAccount) VALUES (1, 1, 'localhost', 'Локал Хост', null, 'UA-21705970-1')
INSERT INTO Store(id, company_id, domain, name, templatePath,  gaAccount) VALUES (2, 1, 'avtoraketa2.ru', 'AvtoRaketa', null, null)
INSERT INTO Store(id, company_id, domain, name, templatePath,  gaAccount) VALUES (3, 1, 'firstshop.ru', 'First Shop', 'http://extrapost.ru/templates/firstshop', null)
INSERT INTO Store(id, company_id, domain, name, templatePath,  gaAccount) VALUES (5, 2, 'shsd-books.ru', 'SHSD Books', null, null)
INSERT INTO Store(id, company_id, domain, name, templatePath,  gaAccount) VALUES (6, 3, 'nextshop.ru', 'Next Shop', null, null)



INSERT INTO Product (id, SKU, urlAlias, description, name, price, weight, urlImageSmall, longDescription) VALUES (1, 'p1', 'wifishirt', 'Майка с индикатором качества Вай-Фай сигнала', 'Wi-Fi Майка', 1500, 240, 'http://extrapost.ru/img/product1.jpg', '<img src="http://extrapost.ru/img/wi-fi-tshirt-big.jpg" alt="Вай-фай майка" /><br /><p>Владельцу такой майки нет необходимости открывать ноутбук, чтобы узнать, есть ли рядом открытая вай-фай точка, или носить с собой брелок-детектор. Светящийся анимированный рисунок на футболке показывает всем вокруг текущую силу сигнала вай-фая.</p><p>Работает со стандартами 802.11b и 802.11g. Батарея спрятана в маленьком кармане с внутренней стороны.</p>')
INSERT INTO Product (id, SKU, urlAlias, description, name, price, weight, urlImageSmall) VALUES (2, 'p2', 'microfibrus', 'Тряпочки для протирки оптики', 'Микрофибрус', 200, 240, 'http://extrapost.ru/img/product2.jpg')
INSERT INTO Product (id, SKU, urlAlias, description, name, price, weight, urlImageSmall) VALUES (3, 'p3', 'dispenser', null, 'Диспенсер для скотча "Кассета"', 500, 240, 'http://extrapost.ru/img/product3.jpg')
INSERT INTO Product (id, SKU, urlAlias, description, name, price, weight, urlImageSmall) VALUES (4, 'p4', 'magnets', null, 'Refrigerator magnets', 250, 240, 'http://extrapost.ru/img/product4.jpg')
INSERT INTO Product (id, SKU, urlAlias, description, name, price, weight, urlImageSmall) VALUES (5, 'p5', 'chocolate', null, 'Chocolate', 200, 240, 'http://extrapost.ru/img/product5.jpg')
INSERT INTO Product (id, SKU, urlAlias, description, name, price, weight, urlImageSmall) VALUES (6, 'p6', 'leonardo', null, 'Leonardo da Vinchi', 1500, 240, 'http://extrapost.ru/img/product6.jpg')
INSERT INTO Product (id, SKU, urlAlias, description, name, price, weight, urlImageSmall) VALUES (7, 'p7', 'mama', null, 'Mama Hurries Home', 250, 240, 'http://extrapost.ru/img/product7.jpg')
INSERT INTO Product (id, SKU, urlAlias, description, name, price, weight, urlImageSmall) VALUES (8, 'p8', 'keystopper', null, 'The Key Stopper', 400, 240, 'http://extrapost.ru/img/product8.jpg')

INSERT INTO Product (id, SKU, urlAlias, description, name, price, weight, urlImageSmall) VALUES (9, 'gagarin1', 'poehali', '22 cards', 'Poehali! cards', 300, 240, 'http://extrapost.ru/img/gagarin.jpg')
INSERT INTO Product (id, SKU, urlAlias, description, name, price, weight, urlImageSmall) VALUES (10, 'rosetcus1', 'rosetcus', 'Electric port for 12 euro-plugs', 'Rosetcus', 1500, 240, 'http://extrapost.ru/img/rosetcus.jpg')
INSERT INTO Product (id, SKU, urlAlias, description, name, price, weight, urlImageSmall) VALUES (11, 'mus3', 'mus3', 'Wireless optical 2-button mouse', 'Mus-3', 2500, 240, 'http://extrapost.ru/img/mus3.jpg')
INSERT INTO Product (id, SKU, urlAlias, description, name, price, weight, urlImageSmall) VALUES (12, 'udarnik12', 'udarnki', 'Cards set', 'The hitter of literature speech', 370, 240, 'http://extrapost.ru/img/udarnik.jpg')
INSERT INTO Product (id, SKU, urlAlias, description, name, price, weight, urlImageSmall, longDescription) VALUES (13, 'orfograf77', 'orphograph', 'Набор из 120 карточек для обучения русскому языку', 'Орфограф русского языка', 370, 240, 'http://extrapost.ru/img/orfograf.jpg', '<img src="http://extrapost.ru/img/orfograf-big.jpg" /><p>В русском, как и в любом другом языке, есть слова, написать которые рука не поднимается. То есть она поднимается, но тут же и опускается. Потому что как писать-то? И так вроде правильно, и так тоже неплохо. Или все-таки плохо? Или нет? В общем, один из вариантов приведенных здесь слов точно правильный. Хотя...</p><p>При составлении «Орфографа» использовались данные современных словарей. Набор состоит из 120 двусторонних проверочных карточек.</p><center><img src="http://extrapost.ru/img/orfograf1.jpg" /><br /><i>Лицевая сторона</i></center><center><img src="http://extrapost.ru/img/orfograf2.jpg" align="center" /><br /><i>Оборотная сторона</i></center>')
INSERT INTO Product (id, SKU, urlAlias, description, name, price, weight, urlImageSmall) VALUES (14, 'erundopel22', 'erundlopel', 'Rare words game', 'The russian language Erundopel', 370, 240, 'http://extrapost.ru/img/erundopel.jpg')
INSERT INTO Product (id, SKU, urlAlias, description, name, price, weight, urlImageSmall) VALUES (15, 'abajurus29032-23', 'abajurus', 'Modular light constructor', 'Abajurus', 700, 240, 'http://extrapost.ru/img/abajurus.jpg')
INSERT INTO Product (id, SKU, urlAlias, description, name, price, weight, urlImageSmall) VALUES (16, 'heart-board-232-23.2', 'heart-board', 'Magnet blackboard', 'The Heard note board', 1400, 240, 'http://extrapost.ru/img/serdce.jpg')
INSERT INTO Product (id, SKU, urlAlias, description, name, price, weight, urlImageSmall) VALUES (17, 'paneli-23.2', 'paneli', '6 pcs', 'The panels set', 600, 240, 'http://extrapost.ru/img/paneli.jpg')
INSERT INTO Product (id, SKU, urlAlias, description, name, price, weight, urlImageSmall) VALUES (18, 'gori-board-23.2.2', 'gori', 'The set of board and 9 staples', 'Mountains board', 650, 240, 'http://extrapost.ru/img/gori-board.jpg')
INSERT INTO Product (id, SKU, urlAlias, description, name, price, weight, urlImageSmall) VALUES (19, 'moon-ball', 'moon-ball', null, 'Ball "Moon"', 600, 240, 'http://extrapost.ru/img/moon-ball.jpg')
INSERT INTO Product (id, SKU, urlAlias, description, name, price, weight, urlImageSmall) VALUES (20, 'yellow-submarine', 'yellow-submarine', 'Tea-Sub', 'Yellow submarine', 550, 240, 'http://extrapost.ru/img/yellow-submarine.jpg')
INSERT INTO Product (id, SKU, urlAlias, description, name, price, weight, urlImageSmall) VALUES (21, 'aqua-tower', 'aqua-tower', 'The bottle and the cup', '"Aquatower" set', 1100, 240, 'http://extrapost.ru/img/aqua-tower.jpg')

INSERT INTO Product (id, SKU, urlAlias, description, name, price, weight, urlImageSmall) VALUES (22, 'kz30', 'zdorovyak30', 'Каша пшеничная, с расторопшей и спирулиной', 'Самарский Здоровяк №30', 139, 240, 'http://extrastore.ru/i/zdorovyak.gif')


INSERT INTO Category (id, name) VALUES('office', 'Для офиса')
INSERT INTO Category (id, name) VALUES('kitchen', 'Кухня')
INSERT INTO Category (id, name) VALUES('cellar', 'Подвал')
INSERT INTO Category (id, name) VALUES('games', 'Игры')
INSERT INTO Category (id, name) VALUES('food', 'Еда')
INSERT INTO Category (id, name) VALUES('computer', 'Компьютер')
INSERT INTO Category (id, name, description) VALUES('books', 'Книги', '<p>Читать книги очень полезно.</p><p>Это знает каждый школьник.</p>')
INSERT INTO Category (id, name) VALUES('pourage', 'Каши Здоровяк')



INSERT INTO Product2Category(productId, categoryId) VALUES(1, 'office')
INSERT INTO Product2Category(productId, categoryId) VALUES(2, 'kitchen')
INSERT INTO Product2Category(productId, categoryId) VALUES(3, 'cellar')
INSERT INTO Product2Category(productId, categoryId) VALUES(4, 'office')
INSERT INTO Product2Category(productId, categoryId) VALUES(5, 'food')
INSERT INTO Product2Category(productId, categoryId) VALUES(6, 'books')
INSERT INTO Product2Category(productId, categoryId) VALUES(7, 'books')
INSERT INTO Product2Category(productId, categoryId) VALUES(8, 'office')
INSERT INTO Product2Category(productId, categoryId) VALUES(2, 'office')
INSERT INTO Product2Category(productId, categoryId) VALUES(3, 'office')

INSERT INTO Product2Category(productId, categoryId) VALUES(9, 'books')
INSERT INTO Product2Category(productId, categoryId) VALUES(10, 'office')
INSERT INTO Product2Category(productId, categoryId) VALUES(11, 'computer')
INSERT INTO Product2Category(productId, categoryId) VALUES(12, 'games')
INSERT INTO Product2Category(productId, categoryId) VALUES(13, 'games')
INSERT INTO Product2Category(productId, categoryId) VALUES(14, 'games')
INSERT INTO Product2Category(productId, categoryId) VALUES(15, 'kitchen')
INSERT INTO Product2Category(productId, categoryId) VALUES(16, 'kitchen')
INSERT INTO Product2Category(productId, categoryId) VALUES(17, 'office')
INSERT INTO Product2Category(productId, categoryId) VALUES(18, 'office')
INSERT INTO Product2Category(productId, categoryId) VALUES(19, 'games')
INSERT INTO Product2Category(productId, categoryId) VALUES(20, 'kitchen')
INSERT INTO Product2Category(productId, categoryId) VALUES(21, 'kitchen')

-- INSERT INTO Product2Category(productId, categoryId) VALUES(22, 'pourage')
-- INSERT INTO Product2Category(productId, categoryId) VALUES(22, 'kitchen')



INSERT INTO Product2Store(productId, storeId) VALUES(1, 6)
INSERT INTO Product2Store(productId, storeId) VALUES(2, 6)
INSERT INTO Product2Store(productId, storeId) VALUES(3, 6)
INSERT INTO Product2Store(productId, storeId) VALUES(4, 6)
INSERT INTO Product2Store(productId, storeId) VALUES(5, 6)
INSERT INTO Product2Store(productId, storeId) VALUES(6, 6)
INSERT INTO Product2Store(productId, storeId) VALUES(7, 6)
INSERT INTO Product2Store(productId, storeId) VALUES(8, 6)

INSERT INTO Product2Store(productId, storeId) VALUES(2, 3)

INSERT INTO Product2Store(productId, storeId) VALUES(2, 1)
INSERT INTO Product2Store(productId, storeId) VALUES(6, 1)
INSERT INTO Product2Store(productId, storeId) VALUES(7, 1)
INSERT INTO Product2Store(productId, storeId) VALUES(8, 1)
INSERT INTO Product2Store(productId, storeId) VALUES(9, 1)
INSERT INTO Product2Store(productId, storeId) VALUES(10, 1)
INSERT INTO Product2Store(productId, storeId) VALUES(11, 1)
INSERT INTO Product2Store(productId, storeId) VALUES(12, 1)
INSERT INTO Product2Store(productId, storeId) VALUES(13, 1)
INSERT INTO Product2Store(productId, storeId) VALUES(14, 1)
INSERT INTO Product2Store(productId, storeId) VALUES(15, 1)
INSERT INTO Product2Store(productId, storeId) VALUES(16, 1)
INSERT INTO Product2Store(productId, storeId) VALUES(17, 1)
INSERT INTO Product2Store(productId, storeId) VALUES(18, 1)
INSERT INTO Product2Store(productId, storeId) VALUES(19, 1)
INSERT INTO Product2Store(productId, storeId) VALUES(21, 1)
INSERT INTO Product2Store(productId, storeId) VALUES(3, 1)
INSERT INTO Product2Store(productId, storeId) VALUES(4, 1)
INSERT INTO Product2Store(productId, storeId) VALUES(1, 1)
INSERT INTO Product2Store(productId, storeId) VALUES(22, 1)


/************** Non-existent products **************/
-- INSERT INTO Product2Store(productId, storeId) VALUES(1001, 1)
-- INSERT INTO Product2Store(productId, storeId) VALUES(1002, 1)
-- INSERT INTO Product2Store(productId, storeId) VALUES(1003, 1)



/*************** ProductProperty ******************/

/* Вай-Фай Майка */
INSERT INTO ProductProperty(productId, name, value) VALUES(1, 'Производство', 'Россия')
INSERT INTO ProductProperty(productId, name, value) VALUES(1, 'Размеры', 'S, M, L, XL')


/* Орфограф */
INSERT INTO ProductProperty(productId, name, value) VALUES(13, 'Производство', 'Россия')
INSERT INTO ProductProperty(productId, name, value) VALUES(13, 'Вес', '300 г')
INSERT INTO ProductProperty(productId, name, value) VALUES(13, 'Издатель', 'студия "Пэйдждаун"')
INSERT INTO ProductProperty(productId, name, value) VALUES(13, 'Размер упаковки', '9×5×3,9 см')

/* Каша Здоровяк */
INSERT INTO ProductProperty(productId, name, value) VALUES(22, 'Производство', 'Россия')
INSERT INTO ProductProperty(productId, name, value) VALUES(22, 'Вес', '240 г')






/********************** CustomPrices *****************/

INSERT INTO Price(productId, storeId, value, description, old, main) VALUES(1, null, 1700, null, true, false)
INSERT INTO Price(productId, storeId, value, description, old, main) VALUES(2, null, 300, null, true, false)
INSERT INTO Price(productId, storeId, value, description, old, main) VALUES(2, 1, 250, null, false, true)
INSERT INTO Price(productId, storeId, value, description, old, main) VALUES(2, null, 150, 'для членов клуба', false, false)
INSERT INTO Price(productId, storeId, value, description, old, main) VALUES(2, null, 120, 'для ударников', false, false)
INSERT INTO Price(productId, storeId, value, description, old, main) VALUES(3, null, 450, 'для членов клуба', false, false)

INSERT INTO Price(productId, storeId, value, description, old, main) VALUES(22, 1, 115, 'для членов клуба', false, false)






/************************ ARTICLES **********************/

INSERT INTO Article(storeId, urlAlias, name, html) VALUES(1, 'delivery', 'Доставка и оплата', '<p>Доставка осуществляется Почтой России</p>')
INSERT INTO Article(storeId, urlAlias, name, html) VALUES(1, 'contacts', 'Контакты', '<p>Горячая линия: 8-800-100-31-01</p>')



/********************** Delivery types ******************/

INSERT INTO DeliveryType(DTYPE, storeId, name, price, freeAfter) VALUES('POSTAL', 1, 'Почта России', 99, 695)
INSERT INTO DeliveryType(DTYPE, storeId, name, price, freeAfter) VALUES('COURIER', 1, 'Курьер (только по Самаре)', 250, 1000)

INSERT INTO DeliveryType(DTYPE, storeId, name, price, freeAfter) VALUES('POSTAL', 6, 'Почта России', 99, 695)


INSERT INTO PaymentType(DTYPE, alias, storeId, name, description, fee, login, password1, password2, currency, culture) VALUES('ROBOKASSA', 'robokassa', 1, 'RoboKassa', 'После подтверждения заказа вы будете перенаправлены в систему RoboKassa для оплаты.', 5.0, 'extrastore', 'jena8enu5', 'haduwe7e8', 'BANKOCEAN2R', 'ru')
INSERT INTO PaymentType(DTYPE, alias, storeId, name, description, fee, login) VALUES('CARD', 'card', 1, 'Пластиковая карта', 'После подтверждения заказа вы будете перенаправлены на сайт банка для оплаты картой.', 3.5, 'extrastore')
INSERT INTO PaymentType(DTYPE, alias, storeId, name, description, fee) VALUES('CASHONDELIVERY', 'cashondelivery', 1, 'Наложенный платёж', 'Заказ будет выслан немедленно. Оплачиваете на почте, при получении.', 6)


