INSERT INTO Company VALUES(1, 'Extra')
INSERT INTO Company VALUES(2, 'SHSD')
INSERT INTO Company VALUES(3, 'Client Company')



INSERT INTO Store VALUES (1, 'localhost', 'Sozvezdie Delivery', null, 1)
INSERT INTO Store VALUES (2, 'avtoraketa2.ru', 'AvtoRaketa', null, 1)
INSERT INTO Store VALUES (3, 'firstshop.ru', 'First Shop', 'http://extrapost.ru/templates/firstshop', 1)
INSERT INTO Store VALUES (5, 'shsd-books.ru', 'SHSD Books', null, 2)
INSERT INTO Store VALUES (6, 'nextshop.ru', 'Next Shop', null, 3)



INSERT INTO Product (id, asin, urlAlias, description, name, price, urlImageSmall, longDescription) VALUES (1, 'p1', 'wifishirt', 'Майка с индикатором качества Вай-Фай сигнала', 'Wi-Fi Майка', 1500, 'http://extrapost.ru/img/product1.jpg', '<img src="http://extrapost.ru/img/wi-fi-tshirt-big.jpg" alt="Вай-фай майка" /><br /><p>Владельцу такой майки нет необходимости открывать ноутбук, чтобы узнать, есть ли рядом открытая вай-фай точка, или носить с собой брелок-детектор. Светящийся анимированный рисунок на футболке показывает всем вокруг текущую силу сигнала вай-фая.</p><p>Работает со стандартами 802.11b и 802.11g. Батарея спрятана в маленьком кармане с внутренней стороны.</p>')
INSERT INTO Product (id, asin, urlAlias, description, name, price, urlImageSmall) VALUES (2, 'p2', 'microfibrus', 'Тряпочки для протирки оптики', 'Микрофибрус', 200, 'http://extrapost.ru/img/product2.jpg')
INSERT INTO Product (id, asin, urlAlias, description, name, price, urlImageSmall) VALUES (3, 'p3', 'dispenser', null, 'Диспенсер для скотча "Кассета"', 500, 'http://extrapost.ru/img/product3.jpg')
INSERT INTO Product (id, asin, urlAlias, description, name, price, urlImageSmall) VALUES (4, 'p4', 'magnets', null, 'Refrigerator magnets', 250, 'http://extrapost.ru/img/product4.jpg')
INSERT INTO Product (id, asin, urlAlias, description, name, price, urlImageSmall) VALUES (5, 'p5', 'chocolate', null, 'Chocolate', 200, 'http://extrapost.ru/img/product5.jpg')
INSERT INTO Product (id, asin, urlAlias, description, name, price, urlImageSmall) VALUES (6, 'p6', 'leonardo', null, 'Leonardo da Vinchi', 1500, 'http://extrapost.ru/img/product6.jpg')
INSERT INTO Product (id, asin, urlAlias, description, name, price, urlImageSmall) VALUES (7, 'p7', 'mama', null, 'Mama Hurries Home', 250, 'http://extrapost.ru/img/product7.jpg')
INSERT INTO Product (id, asin, urlAlias, description, name, price, urlImageSmall) VALUES (8, 'p8', 'keystopper', null, 'The Key Stopper', 400, 'http://extrapost.ru/img/product8.jpg')

INSERT INTO Product (id, asin, urlAlias, description, name, price, urlImageSmall) VALUES (9, 'gagarin1', 'poehali', '22 cards', 'Poehali! cards', 300, 'http://extrapost.ru/img/gagarin.jpg')
INSERT INTO Product (id, asin, urlAlias, description, name, price, urlImageSmall) VALUES (10, 'rosetcus1', 'rosetcus', 'Electric port for 12 euro-plugs', 'Rosetcus', 1500, 'http://extrapost.ru/img/rosetcus.jpg')
INSERT INTO Product (id, asin, urlAlias, description, name, price, urlImageSmall) VALUES (11, 'mus3', 'mus3', 'Wireless optical 2-button mouse', 'Mus-3', 2500, 'http://extrapost.ru/img/mus3.jpg')
INSERT INTO Product (id, asin, urlAlias, description, name, price, urlImageSmall) VALUES (12, 'udarnik12', 'udarnki', 'Cards set', 'The hitter of literature speech', 370, 'http://extrapost.ru/img/udarnik.jpg')
INSERT INTO Product (id, asin, urlAlias, description, name, price, urlImageSmall, longDescription) VALUES (13, 'orfograf77', 'orphograph', 'Набор из 120 карточек для обучения русскому языку', 'Орфограф русского языка', 370, 'http://extrapost.ru/img/orfograf.jpg', '<img src="http://extrapost.ru/img/orfograf-big.jpg" /><p>В русском, как и в любом другом языке, есть слова, написать которые рука не поднимается. То есть она поднимается, но тут же и опускается. Потому что как писать-то? И так вроде правильно, и так тоже неплохо. Или все-таки плохо? Или нет? В общем, один из вариантов приведенных здесь слов точно правильный. Хотя...</p><p>При составлении «Орфографа» использовались данные современных словарей. Набор состоит из 120 двусторонних проверочных карточек.</p><center><img src="http://extrapost.ru/img/orfograf1.jpg" /><br /><i>Лицевая сторона</i></center><center><img src="http://extrapost.ru/img/orfograf2.jpg" align="center" /><br /><i>Оборотная сторона</i></center>')
INSERT INTO Product (id, asin, urlAlias, description, name, price, urlImageSmall) VALUES (14, 'erundopel22', 'erundlopel', 'Rare words game', 'The russian language Erundopel', 370, 'http://extrapost.ru/img/erundopel.jpg')
INSERT INTO Product (id, asin, urlAlias, description, name, price, urlImageSmall) VALUES (15, 'abajurus29032-23', 'abajurus', 'Modular light constructor', 'Abajurus', 700, 'http://extrapost.ru/img/abajurus.jpg')
INSERT INTO Product (id, asin, urlAlias, description, name, price, urlImageSmall) VALUES (16, 'heart-board-232-23.2', 'heart-board', 'Magnet blackboard', 'The Heard note board', 1400, 'http://extrapost.ru/img/serdce.jpg')
INSERT INTO Product (id, asin, urlAlias, description, name, price, urlImageSmall) VALUES (17, 'paneli-23.2', 'paneli', '6 pcs', 'The panels set', 600, 'http://extrapost.ru/img/paneli.jpg')
INSERT INTO Product (id, asin, urlAlias, description, name, price, urlImageSmall) VALUES (18, 'gori-board-23.2.2', 'gori', 'The set of board and 9 staples', 'Mountains board', 650, 'http://extrapost.ru/img/gori-board.jpg')
INSERT INTO Product (id, asin, urlAlias, description, name, price, urlImageSmall) VALUES (19, 'moon-ball', 'moon-ball', null, 'Ball "Moon"', 600, 'http://extrapost.ru/img/moon-ball.jpg')
INSERT INTO Product (id, asin, urlAlias, description, name, price, urlImageSmall) VALUES (20, 'yellow-submarine', 'yellow-submarine', 'Tea-Sub', 'Yellow submarine', 550, 'http://extrapost.ru/img/yellow-submarine.jpg')
INSERT INTO Product (id, asin, urlAlias, description, name, price, urlImageSmall) VALUES (21, 'aqua-tower', 'aqua-tower', 'The bottle and the cup', '"Aquatower" set', 1100, 'http://extrapost.ru/img/aqua-tower.jpg')


INSERT INTO Category (id, name) VALUES('office', 'Для офиса')
INSERT INTO Category (id, name) VALUES('kitchen', 'Кухня')
INSERT INTO Category (id, name) VALUES('cellar', 'Подвал')
INSERT INTO Category (id, name) VALUES('games', 'Игры')
INSERT INTO Category (id, name) VALUES('food', 'Еда')
INSERT INTO Category (id, name) VALUES('computer', 'Компьютер')
INSERT INTO Category (id, name) VALUES('books', 'Книги')


INSERT INTO Product2Category(productId, categoryId) VALUES(1, 'office')
INSERT INTO Product2Category(productId, categoryId) VALUES(2, 'kitchen')
INSERT INTO Product2Category(productId, categoryId) VALUES(3, 'cellar')
INSERT INTO Product2Category(productId, categoryId) VALUES(4, 'office')
INSERT INTO Product2Category(productId, categoryId) VALUES(5, 'food')
INSERT INTO Product2Category(productId, categoryId) VALUES(6, 'books')
INSERT INTO Product2Category(productId, categoryId) VALUES(7, 'books')
INSERT INTO Product2Category(productId, categoryId) VALUES(8, 'office')
INSERT INTO Product2Category(productId, categoryId) VALUES(2, 'office')
INSERT INTO Product2Category(productId, categoryId) VALUES(3, 'office')

INSERT INTO Product2Category(productId, categoryId) VALUES(9, 'books')
INSERT INTO Product2Category(productId, categoryId) VALUES(10, 'office')
INSERT INTO Product2Category(productId, categoryId) VALUES(11, 'computer')
INSERT INTO Product2Category(productId, categoryId) VALUES(12, 'games')
INSERT INTO Product2Category(productId, categoryId) VALUES(13, 'games')
INSERT INTO Product2Category(productId, categoryId) VALUES(14, 'games')
INSERT INTO Product2Category(productId, categoryId) VALUES(15, 'kitchen')
INSERT INTO Product2Category(productId, categoryId) VALUES(16, 'kitchen')
INSERT INTO Product2Category(productId, categoryId) VALUES(17, 'office')
INSERT INTO Product2Category(productId, categoryId) VALUES(18, 'office')
INSERT INTO Product2Category(productId, categoryId) VALUES(19, 'games')
INSERT INTO Product2Category(productId, categoryId) VALUES(20, 'kitchen')
INSERT INTO Product2Category(productId, categoryId) VALUES(21, 'kitchen')



INSERT INTO Product2Store(productId, storeId) VALUES(1, 6)
INSERT INTO Product2Store(productId, storeId) VALUES(2, 6)
INSERT INTO Product2Store(productId, storeId) VALUES(3, 6)
INSERT INTO Product2Store(productId, storeId) VALUES(4, 6)
INSERT INTO Product2Store(productId, storeId) VALUES(5, 6)
INSERT INTO Product2Store(productId, storeId) VALUES(6, 6)
INSERT INTO Product2Store(productId, storeId) VALUES(7, 6)
INSERT INTO Product2Store(productId, storeId) VALUES(8, 6)

INSERT INTO Product2Store(productId, storeId) VALUES(2, 3)

INSERT INTO Product2Store(productId, storeId) VALUES(2, 1)
INSERT INTO Product2Store(productId, storeId) VALUES(6, 1)
INSERT INTO Product2Store(productId, storeId) VALUES(7, 1)
INSERT INTO Product2Store(productId, storeId) VALUES(8, 1)
INSERT INTO Product2Store(productId, storeId) VALUES(9, 1)
INSERT INTO Product2Store(productId, storeId) VALUES(10, 1)
INSERT INTO Product2Store(productId, storeId) VALUES(11, 1)
INSERT INTO Product2Store(productId, storeId) VALUES(13, 1)
INSERT INTO Product2Store(productId, storeId) VALUES(15, 1)
INSERT INTO Product2Store(productId, storeId) VALUES(16, 1)
INSERT INTO Product2Store(productId, storeId) VALUES(17, 1)
INSERT INTO Product2Store(productId, storeId) VALUES(18, 1)
INSERT INTO Product2Store(productId, storeId) VALUES(19, 1)
INSERT INTO Product2Store(productId, storeId) VALUES(21, 1)
INSERT INTO Product2Store(productId, storeId) VALUES(3, 1)
INSERT INTO Product2Store(productId, storeId) VALUES(4, 1)
INSERT INTO Product2Store(productId, storeId) VALUES(1, 1)


